{
    "pos": 0,
    "update_time": 1591421851.6386907,
    "time":   1591226221500000000,
    "new_ema":  32.6,
    "ema":   31.8,
    "lower":   31.6,
    "upper":   32.0,
    "bid":   33.79999999999973,
    "ask":   31.399999999999636,
    "bid_adj":   34.1,
    "ask_adj":   31.1
      
}